﻿{"1101003061":{"FromType":3,"StartTime":1563328800,"Jump":"game://?module=10003&Tab1=1&itemId=1101003061","ItemID":1101003061,"Cdn":"http://www.pubgmobile.com/event/pictures/RPS8/02.png","LastClickServerTime":0,"EndTime":1563407998,"Duration":30},"1405235":{"FromType":3,"StartTime":1563328800,"Jump":"game://?module=10003&Tab1=1&itemId=1405235","ItemID":1405235,"Cdn":"http://www.pubgmobile.com/event/pictures/RPS8/100.png","LastClickServerTime":0,"EndTime":1563407998,"Duration":30},"HaveShowBubbleNum":3,"1405239":{"FromType":3,"StartTime":1563415200,"Jump":"game://?module=10003&Tab1=1&itemId=1405239","LastClickServerTime":0,"Cdn":"http://www.pubgmobile.com/event/pictures/RPS8/01.png","EndTime":1563494398,"ItemID":1405239,"Duration":30},"1405237":{"FromType":3,"StartTime":1563328800,"Jump":"game://?module=10003&Tab1=1&itemId=1405237","ItemID":1405237,"Cdn":"http://www.pubgmobile.com/event/pictures/RPS8/30.png","LastClickServerTime":0,"EndTime":1563407998,"Duration":30},"1405236":{"FromType":3,"StartTime":1563415200,"Jump":"game://?module=10003&Tab1=1&itemId=1405236","LastClickServerTime":0,"Cdn":"http://www.pubgmobile.com/event/pictures/RPS8/60.png","EndTime":1563494398,"ItemID":1405236,"Duration":30},"1105002012":{"FromType":3,"StartTime":1563415200,"Jump":"game://?module=10003&Tab1=1&itemId=1105002012","LastClickServerTime":0,"Cdn":"http://www.pubgmobile.com/event/pictures/RPS8/90.png","EndTime":1563494398,"ItemID":1105002012,"Duration":30}}