﻿{"RushTriggerLength1":300.0,"LayoutDetailDict3":[],"LayoutDetailDict1":[{"AnchorType":{"Maximum":{"Y":0.0,"X":1.0},"Minimum":{"Y":0.0,"X":1.0}},"Type":10,"Opacity":1.0,"RelativePos":{"Y":158.0,"X":-295.0},"OriginSize":{"Y":80.0,"X":80.0},"Scale":{"Y":1.0,"X":1.0}},{"AnchorType":{"Maximum":{"Y":1.0,"X":1.0},"Minimum":{"Y":1.0,"X":1.0}},"Type":19,"Opacity":1.0,"RelativePos":{"Y":-601.24108886719,"X":-269.80419921875},"OriginSize":{"Y":70.0,"X":70.0},"Scale":{"Y":1.982358455658,"X":1.982358455658}},{"AnchorType":{"Maximum":{"Y":1.0,"X":0.5},"Minimum":{"Y":1.0,"X":0.5}},"Type":9,"Opacity":1.0,"RelativePos":{"Y":-237.59368896484,"X":64.323234558105},"OriginSize":{"Y":89.0,"X":61.0},"Scale":{"Y":1.0,"X":1.0}},{"AnchorType":{"Maximum":{"Y":1.0,"X":1.0},"Minimum":{"Y":1.0,"X":1.0}},"Type":13,"Opacity":1.0,"RelativePos":{"Y":-101.61413574219,"X":-423.07409667969},"OriginSize":{"Y":68.0,"X":68.0},"Scale":{"Y":1.9886516332626,"X":1.9886516332626}},{"AnchorType":{"Maximum":{"Y":1.0,"X":1.0},"Minimum":{"Y":1.0,"X":1.0}},"Type":18,"Opacity":1.0,"RelativePos":{"Y":-435.09085083008,"X":-389.7922668457},"OriginSize":{"Y":68.0,"X":68.0},"Scale":{"Y":1.0,"X":1.0}},{"AnchorType":{"Maximum":{"Y":1.0,"X":1.0},"Minimum":{"Y":1.0,"X":1.0}},"Type":17,"Opacity":1.0,"RelativePos":{"Y":-606.94329833984,"X":-392.64282226562},"OriginSize":{"Y":80.0,"X":80.0},"Scale":{"Y":1.7243596315384,"X":1.7243596315384}},{"AnchorType":{"Maximum":{"Y":1.0,"X":1.0},"Minimum":{"Y":1.0,"X":1.0}},"Type":15,"Opacity":0.81020396947861,"RelativePos":{"Y":-603.95776367188,"X":-101.9599609375},"OriginSize":{"Y":70.0,"X":70.0},"Scale":{"Y":1.9131400585175,"X":1.9131400585175}},{"AnchorType":{"Maximum":{"Y":0.0,"X":1.0},"Minimum":{"Y":0.0,"X":1.0}},"Type":14,"Opacity":1.0,"RelativePos":{"Y":198.0,"X":-115.0},"OriginSize":{"Y":46.0,"X":45.0},"Scale":{"Y":1.0,"X":1.0}},{"AnchorType":{"Maximum":{"Y":1.0,"X":0.0},"Minimum":{"Y":1.0,"X":0.0}},"Type":1,"Opacity":1.0,"RelativePos":{"Y":-198.77101135254,"X":364.89721679688},"OriginSize":{"Y":60.0,"X":60.0},"Scale":{"Y":1.8816767930984,"X":1.8816767930984}},{"AnchorType":{"Maximum":{"Y":0.0,"X":1.0},"Minimum":{"Y":0.0,"X":1.0}},"Type":11,"Opacity":1.0,"RelativePos":{"Y":138.75247192383,"X":-213.48789978027},"OriginSize":{"Y":42.0,"X":42.0},"Scale":{"Y":1.0,"X":1.0}},{"AnchorType":{"Maximum":{"Y":1.0,"X":1.0},"Minimum":{"Y":1.0,"X":1.0}},"Type":16,"Opacity":1.0,"RelativePos":{"Y":-578.41766357422,"X":-858.04827880859},"OriginSize":{"Y":115.0,"X":115.0},"Scale":{"Y":2.0,"X":2.0}},{"AnchorType":{"Maximum":{"Y":0.5,"X":0.0},"Minimum":{"Y":0.5,"X":0.0}},"Type":0,"Opacity":1.0,"RelativePos":{"Y":-267.95883178711,"X":229.63008117676},"OriginSize":{"Y":100.0,"X":100.0},"Scale":{"Y":2.0,"X":2.0}},{"AnchorType":{"Maximum":{"Y":0.0,"X":0.0},"Minimum":{"Y":0.0,"X":0.0}},"Type":2,"Opacity":1.0,"RelativePos":{"Y":0.86633491516113,"X":0.16312286257744},"OriginSize":{"Y":170.0,"X":170.0},"Scale":{"Y":1.0,"X":1.0}},{"AnchorType":{"Maximum":{"Y":1.0,"X":1.0},"Minimum":{"Y":1.0,"X":1.0}},"Type":8,"Opacity":1.0,"RelativePos":{"Y":-305.74209594727,"X":-878.46282958984},"OriginSize":{"Y":135.31745910645,"X":118.0},"Scale":{"Y":1.0,"X":1.0}},{"AnchorType":{"Maximum":{"Y":1.0,"X":1.0},"Minimum":{"Y":1.0,"X":1.0}},"Type":6,"Opacity":1.0,"RelativePos":{"Y":-223.67932128906,"X":-390.06204223633},"OriginSize":{"Y":54.0,"X":118.0},"Scale":{"Y":1.0,"X":1.0}},{"AnchorType":{"Maximum":{"Y":1.0,"X":0.5},"Minimum":{"Y":1.0,"X":0.5}},"Type":7,"Opacity":1.0,"RelativePos":{"Y":-203.20864868164,"X":-58.791625976562},"OriginSize":{"Y":151.0,"X":136.0},"Scale":{"Y":1.0,"X":1.0}},{"AnchorType":{"Maximum":{"Y":0.0,"X":1.0},"Minimum":{"Y":0.0,"X":1.0}},"Type":12,"Opacity":1.0,"RelativePos":{"Y":0.97595947980881,"X":-577.06115722656},"OriginSize":{"Y":187.0,"X":155.0},"Scale":{"Y":1.0,"X":1.0}},{"AnchorType":{"Maximum":{"Y":1.0,"X":0.5},"Minimum":{"Y":1.0,"X":0.5}},"Type":5,"Opacity":1.0,"RelativePos":{"Y":-121.0,"X":2.0},"OriginSize":{"Y":83.0,"X":148.0},"Scale":{"Y":1.0,"X":1.0}},{"AnchorType":{"Maximum":{"Y":1.0,"X":0.5},"Minimum":{"Y":1.0,"X":0.5}},"Type":4,"Opacity":1.0,"RelativePos":{"Y":-121.0,"X":-150.0},"OriginSize":{"Y":83.0,"X":148.0},"Scale":{"Y":1.0,"X":1.0}},{"AnchorType":{"Maximum":{"Y":1.0,"X":0.5},"Minimum":{"Y":1.0,"X":0.5}},"Type":3,"Opacity":1.0,"RelativePos":{"Y":-229.53479003906,"X":-89.626373291016},"OriginSize":{"Y":89.0,"X":61.0},"Scale":{"Y":1.0,"X":1.0}},{"AnchorType":{"Maximum":{"Y":0.0,"X":1.0},"Minimum":{"Y":0.0,"X":1.0}},"Type":20,"Opacity":1.0,"RelativePos":{"Y":162.0,"X":-484.0},"OriginSize":{"Y":224.05249023438,"X":181.5},"Scale":{"Y":1.0,"X":1.0}},{"AnchorType":{"Maximum":{"Y":1.0,"X":0.0},"Minimum":{"Y":1.0,"X":0.0}},"Type":21,"Opacity":1.0,"RelativePos":{"Y":-435.0,"X":127.0},"OriginSize":{"Y":60.0,"X":60.0},"Scale":{"Y":1.0,"X":1.0}},{"AnchorType":{"Maximum":{"Y":1.0,"X":0.0},"Minimum":{"Y":1.0,"X":0.0}},"Type":22,"Opacity":1.0,"RelativePos":{"Y":-435.0,"X":219.0},"OriginSize":{"Y":60.0,"X":60.0},"Scale":{"Y":1.0,"X":1.0}},{"AnchorType":{"Maximum":{"Y":0.0,"X":1.0},"Minimum":{"Y":0.0,"X":1.0}},"Type":23,"Opacity":1.0,"RelativePos":{"Y":18.69976234436,"X":-792.35559082031},"OriginSize":{"Y":230.0,"X":202.0},"Scale":{"Y":1.0,"X":1.0}},{"AnchorType":{"Maximum":{"Y":1.0,"X":1.0},"Minimum":{"Y":1.0,"X":1.0}},"Type":24,"Opacity":1.0,"RelativePos":{"Y":-390.0,"X":-145.0},"OriginSize":{"Y":72.571426391602,"X":76.285713195801},"Scale":{"Y":1.0,"X":1.0}},{"AnchorType":{"Maximum":{"Y":0.0,"X":0.0},"Minimum":{"Y":0.0,"X":0.0}},"Type":25,"Opacity":1.0,"RelativePos":{"Y":41.0,"X":0.0},"OriginSize":{"Y":178.0,"X":337.0},"Scale":{"Y":1.0,"X":1.0}},{"AnchorType":{"Maximum":{"Y":1.0,"X":0.0},"Minimum":{"Y":1.0,"X":0.0}},"Type":26,"Opacity":1.0,"RelativePos":{"Y":-56.0,"X":237.0},"OriginSize":{"Y":44.0,"X":44.0},"Scale":{"Y":1.0,"X":1.0}},{"AnchorType":{"Maximum":{"Y":1.0,"X":0.5},"Minimum":{"Y":1.0,"X":0.5}},"Type":27,"Opacity":1.0,"RelativePos":{"Y":-118.0,"X":2.0},"OriginSize":{"Y":32.0,"X":148.0},"Scale":{"Y":1.0,"X":1.0}},{"AnchorType":{"Maximum":{"Y":0.5,"X":0.0},"Minimum":{"Y":0.5,"X":0.0}},"Type":28,"Opacity":1.0,"RelativePos":{"Y":-111.33690643311,"X":290.16635131836},"OriginSize":{"Y":52.0,"X":52.0},"Scale":{"Y":1.0,"X":1.0}},{"AnchorType":{"Maximum":{"Y":1.0,"X":1.0},"Minimum":{"Y":1.0,"X":1.0}},"Type":29,"Opacity":1.0,"RelativePos":{"Y":-497.88403320312,"X":-511.26300048828},"OriginSize":{"Y":46.0,"X":46.0},"Scale":{"Y":0.94407123327255,"X":0.94407123327255}},{"AnchorType":{"Maximum":{"Y":0.0,"X":0.0},"Minimum":{"Y":0.0,"X":0.0}},"Type":30,"Opacity":1.0,"RelativePos":{"Y":250.91766357422,"X":214.38092041016},"OriginSize":{"Y":98.0,"X":98.0},"Scale":{"Y":1.0,"X":1.0}},{"AnchorType":{"Maximum":{"Y":0.0,"X":1.0},"Minimum":{"Y":0.0,"X":1.0}},"Type":31,"Opacity":1.0,"RelativePos":{"Y":263.24285888672,"X":-513.96307373047},"OriginSize":{"Y":46.0,"X":46.0},"Scale":{"Y":1.0,"X":1.0}},{"AnchorType":{"Maximum":{"Y":0.0,"X":1.0},"Minimum":{"Y":0.0,"X":1.0}},"Type":33,"Opacity":1.0,"RelativePos":{"Y":240.0,"X":-56.0},"OriginSize":{"Y":45.0,"X":45.0},"Scale":{"Y":1.0,"X":1.0}},{"AnchorType":{"Maximum":{"Y":1.0,"X":0.0},"Minimum":{"Y":1.0,"X":0.0}},"Type":34,"Opacity":1.0,"RelativePos":{"Y":-332.0,"X":246.0},"OriginSize":{"Y":70.0,"X":70.0},"Scale":{"Y":1.0,"X":1.0}},{"AnchorType":{"Maximum":{"Y":1.0,"X":1.0},"Minimum":{"Y":1.0,"X":1.0}},"Type":35,"Opacity":1.0,"RelativePos":{"Y":-158.0,"X":-85.929946899414},"OriginSize":{"Y":80.0,"X":80.0},"Scale":{"Y":1.0,"X":1.0}}],"RushTriggerLength2":300.0,"SaveSlotName":"UIElemLayout_Slot03","IsDataValid3":false,"IsDataValid1":true,"TimeTag":0,"RushTriggerLength3":300.0,"IsDataValid2":false,"LayoutDetailDict2":[]}