﻿{"uid":"5258150177","msgList":[{"voiceMsgTime":0,"version":"0.16.0.11466","msgType":0,"msg":"0gvT","name":"XxMaddyyxX","roleNation":"BR","level":9,"roomId":"","voiceMsgId":"","selfMsg":false,"msgChannel":4,"send_time":1577956281,"msgSendTime":"15:11","uid":"5258150177","msgSendDate":"2020-01-02"},{"voiceMsgTime":0,"version":"0.16.0.11466","msgType":0,"msg":"yQfIih3/ihbGyx+63gXBzxrCzxiZ","name":"XxMaddyyxX","roleNation":"BR","level":10,"roomId":"","voiceMsgId":"","selfMsg":false,"msgChannel":4,"send_time":1577956288,"msgSendTime":"","uid":"5258150177","msgSendDate":"2020-01-02"}]}